Longitude,Latitude,Perturbed Longitude,Perturbed Latitude
-77.6201904,43.0801749,-77.62366710656978,43.07993228904769
-77.6201901,43.0801735,-77.62049289878033,43.08012058191977
-77.6201901,43.0801735,-77.62108922858937,43.07996154632955
-77.6201929,43.0801674,-77.62019591287108,43.080181545238034
-77.6201929,43.0801674,-77.6267197960769,43.084845530165985
-77.6201958,43.0801594,-77.62009908012406,43.080022173305665
-77.6201958,43.0801594,-77.62073408843284,43.0794714018383
-77.6201973,43.0801544,-77.62020892000695,43.080473805241944
-77.6201973,43.0801544,-77.62031829286201,43.080110535269604
-77.6201978,43.0801523,-77.62182058720634,43.077052257967885
-77.6201978,43.0801523,-77.62015722877524,43.08027687396909
-77.6201985,43.0801509,-77.62116230383472,43.072524141757654
-77.6201985,43.0801509,-77.61115145519035,43.083529630340664
-77.620196,43.0801464,-77.62275745599906,43.08142073411409
-77.620196,43.0801464,-77.61975809407181,43.08039919496478
-77.6201922,43.0801423,-77.62061827591042,43.079430856702956
-77.6201922,43.0801423,-77.61994566239491,43.0803219517967
-77.6201901,43.0801408,-77.62311412204208,43.07903962199094
-77.6201901,43.0801408,-77.61883556418738,43.080928792226274
-77.6201879,43.0801401,-77.62006508265343,43.08021086404954
-77.6201879,43.0801401,-77.61923827005194,43.079138517215085
-77.6201822,43.0801407,-77.62039020675,43.08205623731785
-77.6201822,43.0801407,-77.62005657172712,43.08098120027271
-77.6201789,43.0801413,-77.61975756396733,43.08025683714952
-77.6201789,43.0801413,-77.61241812096263,43.07981683219464
-77.6201777,43.0801414,-77.618732358902,43.08055246044097
-77.6201777,43.0801414,-77.61919703626346,43.079663778371696
-77.6201742,43.0801405,-77.61571412019714,43.08656228580663
-77.6201742,43.0801405,-77.62109891005052,43.08128297188373
-77.6201697,43.080137,-77.62150268757892,43.08127578786398
-77.6201697,43.080137,-77.62293771134028,43.080186363664964
-77.6201756,43.0801438,-77.61980252916679,43.080191451631286
-77.6201756,43.0801438,-77.61746850983434,43.07979116367223
-77.6201744,43.0801425,-77.62043821790712,43.080105984041225
-77.6201744,43.0801425,-77.62335648516924,43.079562598336935
-77.6201717,43.08014,-77.62104336413194,43.079658067543036
-77.6201717,43.08014,-77.6209873907481,43.08108551754467
-77.6201672,43.0801357,-77.62559381187945,43.08231440248637
-77.6201672,43.0801357,-77.62205675855608,43.0841143249369
-77.6201626,43.0801305,-77.61923062370435,43.07925940402491
-77.6201626,43.0801305,-77.62024420467583,43.07699352211423
-77.6201518,43.0801124,-77.62014837161986,43.079518457772565
-77.6201518,43.0801124,-77.6200821891903,43.08055197955072
-77.6201448,43.0800995,-77.61374374277436,43.07925084440099
-77.6201448,43.0800995,-77.62085983571401,43.07987389238599
-77.6201414,43.0800929,-77.62056440143367,43.07942278412183
-77.6201414,43.0800929,-77.6201419922129,43.08009350824545
-77.6201266,43.080085,-77.62002165330269,43.08027322549038
-77.6201266,43.080085,-77.61999564364912,43.077896841769736
-77.6201225,43.0800799,-77.61745189152434,43.07961437629202
-77.6201225,43.0800799,-77.61874093669934,43.0801349599383
-77.6201203,43.0800691,-77.6204557892781,43.0801942329818
-77.6201203,43.0800691,-77.62011487733388,43.080069204427296
-77.6201164,43.0800587,-77.61965681856074,43.08051278008002
-77.6201164,43.0800587,-77.62209903556625,43.079164687460235
-77.6201083,43.0800501,-77.620433486935,43.08012444201709
-77.6201083,43.0800501,-77.62064343261667,43.0797995219993
-77.6201025,43.0800457,-77.61946145294408,43.081267654985496
-77.6201025,43.0800457,-77.62195658279863,43.07947028585524
-77.6200908,43.0800402,-77.62037316859738,43.081138095386336
-77.6200908,43.0800402,-77.61942481626996,43.080401880819245
-77.6200847,43.080039,-77.61961989672972,43.07917076615828
-77.6200847,43.080039,-77.61980791851886,43.079901094505615
-77.6200734,43.0800363,-77.62094393433453,43.079615214423534
-77.6200734,43.0800363,-77.6204606118407,43.08012951817039
-77.6200596,43.0800346,-77.61970869085583,43.07985980173695
-77.6200596,43.0800346,-77.62061910806861,43.07961908949495
-77.6200488,43.0800338,-77.62351664853536,43.08208741602155
-77.6200488,43.0800338,-77.62357760179981,43.08396078835908
-77.6200358,43.0800357,-77.62016216382453,43.079946302728764
-77.6200358,43.0800357,-77.6204982289306,43.07857279335292
-77.6200078,43.0800392,-77.62308848686794,43.07862876301947
-77.6200078,43.0800392,-77.61685915556309,43.07808558304253
-77.6199964,43.0800475,-77.61940926206022,43.079373849312276
-77.6199964,43.0800475,-77.62008203127643,43.080054672454935
-77.6199909,43.0800553,-77.62040227417299,43.07998906818934
-77.6199909,43.0800553,-77.62318154452967,43.07892374397228
-77.6199867,43.0800655,-77.62208666927287,43.079962066499974
-77.6199867,43.0800655,-77.61757301217287,43.08024700225277
-77.6199826,43.0800772,-77.62557104011567,43.07971426811937
-77.6199826,43.0800772,-77.61886577032199,43.07888902755023
-77.6199801,43.0800851,-77.62326246557923,43.08146744063849
-77.6199801,43.0800851,-77.62100208498002,43.07919218114561
-77.619977,43.0800911,-77.61993969390849,43.08055468321939
-77.619977,43.0800911,-77.61944053446938,43.079670876425
-77.619974,43.0800997,-77.61932158882406,43.07935094998419
-77.619974,43.0800997,-77.60999194441409,43.08029931685727
-77.6199718,43.080104,-77.61732987922119,43.08088527366494
-77.6199718,43.080104,-77.6215537141321,43.07836819346771
-77.619968,43.0801133,-77.61969512374932,43.08033518190934
-77.619968,43.0801133,-77.62008731448422,43.07980136768802
-77.6199632,43.0801263,-77.6200576577865,43.079434656241915
-77.6199632,43.0801263,-77.61499468142195,43.081103208633934
-77.6199587,43.0801329,-77.62365745382031,43.08070024651866
-77.6199587,43.0801329,-77.61403851471175,43.07859402469897
-77.6199557,43.0801444,-77.62311432655248,43.080790465045226
-77.6199557,43.0801444,-77.61889646927257,43.079376262491145
-77.6199475,43.0801558,-77.6239245341051,43.08004798535716
-77.6199475,43.0801558,-77.61859890984495,43.07994372730337
-77.6199394,43.0801633,-77.62232390550274,43.07975181414312
-77.6199394,43.0801633,-77.61941623325582,43.07887724859843
-77.6199327,43.0801695,-77.6217191067119,43.08040693244668
-77.6199327,43.0801695,-77.61865535721562,43.07948343588192
-77.6199247,43.0801758,-77.6204394352638,43.079809474416464
-77.6199247,43.0801758,-77.6081998059157,43.08171323432264
-77.6199201,43.0801826,-77.62027739838564,43.08111723113688
-77.6199201,43.0801826,-77.62264377202675,43.08068777806175
-77.6199151,43.0801893,-77.61231150204992,43.07948470211381
-77.6199151,43.0801893,-77.61966503282659,43.08090522909126
-77.6199115,43.0801942,-77.61897741165386,43.08111986400349
-77.6199115,43.0801942,-77.62100828398025,43.0816268688089
-77.619907,43.0802016,-77.62135156008,43.081598093318384
-77.619907,43.0802016,-77.62028154530422,43.07992587345131
-77.6199048,43.0802058,-77.62047676800273,43.08127786891175
-77.6199048,43.0802058,-77.61987163260208,43.07940972208231
-77.6199018,43.0802133,-77.62441591874767,43.07916752700586
-77.6199018,43.0802133,-77.61562664794674,43.0775547350719
-77.6198974,43.0802221,-77.61966374284884,43.08086607215524
-77.6198974,43.0802221,-77.62184346542325,43.08053974516793
-77.6198935,43.0802356,-77.61838038432684,43.08054645974904
-77.6198935,43.0802356,-77.61840382691646,43.08159904036184
-77.6198887,43.0802443,-77.62114397399326,43.08149804604274
-77.6198887,43.0802443,-77.62030992549226,43.08064798379858
-77.6198826,43.0802555,-77.61928856213157,43.079610916029175
-77.6198826,43.0802555,-77.62109995612511,43.08090806984341
-77.6198744,43.0802625,-77.62134399766981,43.080721701775126
-77.6198744,43.0802625,-77.61956386602411,43.08038086068171
-77.6198683,43.0802673,-77.62115214507413,43.0798661225418
-77.6198683,43.0802673,-77.61635858433233,43.079142330821206
-77.6198563,43.0802777,-77.62276071629395,43.08292869910017
-77.6198563,43.0802777,-77.6186784458548,43.07738785685992
-77.6198473,43.0802839,-77.6193284095034,43.08046634444253
-77.6198473,43.0802839,-77.6192882621063,43.08134477734376
-77.6198381,43.0802883,-77.6200912413065,43.079519138030825
-77.6198381,43.0802883,-77.61955276253359,43.082171662070195
-77.6198308,43.0802914,-77.61883439953641,43.07963639121744
-77.6198308,43.0802914,-77.61699104236448,43.080933485036766
-77.6198214,43.0802945,-77.62025524321315,43.0799563000998
-77.6198214,43.0802945,-77.6177550785582,43.07818600915565
-77.619807,43.0803059,-77.61583704681334,43.08091710353344
-77.619807,43.0803059,-77.62046068513719,43.080175842694835
-77.6197931,43.0803079,-77.61581107626533,43.07734285643297
-77.6197931,43.0803079,-77.61939045120776,43.079679810442684
-77.619785,43.08031,-77.62009546930356,43.08025096832541
-77.619785,43.08031,-77.61879620232642,43.0798794911692
-77.6197751,43.0803125,-77.6213415489631,43.080238707518745
-77.6197751,43.0803125,-77.62000581982441,43.0799136388941
-77.6197606,43.0803172,-77.62066989469,43.0807871240176
-77.6197606,43.0803172,-77.61917833213121,43.07958605328657
-77.6197492,43.0803184,-77.62164631561737,43.081021511961275
-77.6197492,43.0803184,-77.61995903483393,43.08032954272578
-77.6197455,43.0803188,-77.61996432247048,43.08289893819663
-77.6197455,43.0803188,-77.61935624493032,43.07986653688161
-77.6197368,43.0803197,-77.61841461532563,43.08077632462308
-77.6197368,43.0803197,-77.62117693075041,43.080694980143036
-77.61973,43.0803202,-77.621276482979,43.08135699511098
-77.61973,43.0803202,-77.61914682150622,43.08207747016854
-77.619724,43.0803199,-77.61972108212909,43.08033522480084
-77.619724,43.0803199,-77.61991351053331,43.08008007250635
-77.619714,43.0803202,-77.6197626082174,43.079972219214746
-77.619714,43.0803202,-77.6216161148209,43.08100500888047
-77.619701,43.0803212,-77.6196494231984,43.08031622698233
-77.619701,43.0803212,-77.61949278033876,43.08069285889589
-77.619694,43.0803224,-77.6184063936307,43.079967175345686
-77.619694,43.0803224,-77.61871264892642,43.08034887835267
-77.6196837,43.0803246,-77.61968613579575,43.080322202119824
-77.6196837,43.0803246,-77.6197576250884,43.08039922676451
-77.6196814,43.0803261,-77.61775335303594,43.08501318932668
-77.6196814,43.0803261,-77.61917236470946,43.07885200847378
-77.6196758,43.080328,-77.61970399518931,43.08190212631763
-77.6196758,43.080328,-77.62051952789,43.07975760504828
-77.6196634,43.0803404,-77.61923825040276,43.080011798821864
-77.6196634,43.0803404,-77.61969024744427,43.080513477197165
-77.619658,43.0803428,-77.62063384874878,43.080573487663486
-77.619658,43.0803428,-77.617641118025,43.080390977375544
-77.6196517,43.0803451,-77.62041184000834,43.08060721934907
-77.6196517,43.0803451,-77.61836332666171,43.078667319563905
-77.6196424,43.0803484,-77.62310729674897,43.082965837437335
-77.6196424,43.0803484,-77.61976914668233,43.079987159728226
-77.6196314,43.0803514,-77.62024227623456,43.0791679637115
-77.6196314,43.0803514,-77.61857537145993,43.080387049784676
-77.6196151,43.0803562,-77.62102076955995,43.08212696151945
-77.6196151,43.0803562,-77.61959304069443,43.08163504670091
-77.6196062,43.0803755,-77.61959086190208,43.08103465701838
-77.6196062,43.0803755,-77.61961350491057,43.08066173392449
-77.6195995,43.0803791,-77.6200834322104,43.08109927026034
-77.6195995,43.0803791,-77.62167772168948,43.08424992938956
-77.6195887,43.0803823,-77.6143468452546,43.0816974981044
-77.6195887,43.0803823,-77.61798541028442,43.079645581896585
-77.6195825,43.0803846,-77.62061115133241,43.08183823152383
-77.6195825,43.0803846,-77.61999545942265,43.07943083463856
-77.6195746,43.0803882,-77.6201815428316,43.08017391609582
-77.6195746,43.0803882,-77.62077328465301,43.07986488723831
-77.6195601,43.080391,-77.61978028009453,43.08013921973005
-77.6195601,43.080391,-77.62027507792821,43.080052026508206
-77.6195547,43.0804002,-77.62114969688608,43.07879986307729
-77.6195547,43.0804002,-77.61986182457625,43.080032744270675
-77.6195471,43.0804014,-77.62100314201199,43.08055953201207
-77.6195471,43.0804014,-77.62129911347351,43.07980178051681
-77.6195376,43.0804027,-77.61922691103364,43.08058490118386
-77.6195376,43.0804027,-77.61941353548725,43.08044781058587
-77.6195261,43.0804037,-77.62069822932106,43.079135571148655
-77.6195261,43.0804037,-77.61673014506214,43.07820297034143
-77.6195089,43.0804049,-77.62085423707191,43.080395722302285
-77.6195089,43.0804049,-77.61972873647285,43.0801642117205
-77.6194947,43.080405,-77.62067604176552,43.07964787133771
-77.6194947,43.080405,-77.61735683648345,43.08348109453656
-77.6194867,43.0804096,-77.61948994147795,43.08036836219348
-77.6194867,43.0804096,-77.62427538092354,43.07756131107181
-77.6194809,43.0804096,-77.61882593083782,43.08168575426988
-77.6194809,43.0804096,-77.61987431991376,43.08018751351836
-77.6194698,43.0804097,-77.61776632093583,43.081089124392584
-77.6194698,43.0804097,-77.62044588281505,43.080561867729344
-77.6194582,43.0804085,-77.61860941399698,43.0802632940562
-77.6194582,43.0804085,-77.61875298045568,43.08024007502713
-77.6194418,43.0804085,-77.61933839792188,43.080574081750406
-77.6194418,43.0804085,-77.61932278954758,43.080490207583125
-77.6194276,43.0804077,-77.6202125959986,43.07992352280231
-77.6194276,43.0804077,-77.61128142570792,43.078635490985604
-77.6194122,43.0804039,-77.62107800032689,43.08110107778269
-77.6194122,43.0804039,-77.62249575378542,43.06992209638528
-77.6193989,43.0804022,-77.61930603206247,43.080506817067196
-77.6193989,43.0804022,-77.62105369301906,43.08227536692425
-77.6193924,43.0804021,-77.6209518069179,43.08007714458618
-77.6193924,43.0804021,-77.61940398625012,43.081008307963806
-77.6193829,43.0804021,-77.61829864682178,43.08051654812734
-77.6193829,43.0804021,-77.61580814676918,43.0733403469779
-77.619367,43.0804008,-77.61950397818521,43.080362915502434
-77.619367,43.0804008,-77.61859935851031,43.08136714713324
-77.6193604,43.0804001,-77.61999299142855,43.07881441392193
-77.6193604,43.0804001,-77.62058314255391,43.07776731807758
-77.6193534,43.0803995,-77.61756836832512,43.08049146541853
-77.6193534,43.0803995,-77.62060612458036,43.080913072985624
-77.6193427,43.0803981,-77.62403146890401,43.07814661303937
-77.6193427,43.0803981,-77.61920661676344,43.080536665568104
-77.6193309,43.0803957,-77.62041568368015,43.07856432276727
-77.6193309,43.0803957,-77.62737518273619,43.08068568673116
-77.6193138,43.0803927,-77.61797226228916,43.08168860182878
-77.6193138,43.0803927,-77.61891072675851,43.08044739016351
-77.6192998,43.0803911,-77.62095761049258,43.080764058707146
-77.6192998,43.0803911,-77.61745132088639,43.0765944079772
-77.6192921,43.0803903,-77.61735503924271,43.08127147591203
-77.6192921,43.0803903,-77.61877710676151,43.079494406622196
-77.6192828,43.0803891,-77.62032519401923,43.08173399956821
-77.6192828,43.0803891,-77.61555015480128,43.0798740395713
-77.6192762,43.0803893,-77.61881206424006,43.08135958034097
-77.6192762,43.0803893,-77.62159006580511,43.08200024088777
-77.6192669,43.0803894,-77.61890047989894,43.079915178785924
-77.6192669,43.0803894,-77.61757634840048,43.07793962711584
-77.6192505,43.0803907,-77.62106005427269,43.07927321146193
-77.6192505,43.0803907,-77.61891189223452,43.0798644559759
-77.619241,43.0803909,-77.61612605382713,43.07842776641122
-77.619241,43.0803909,-77.61937790491372,43.080272308348434
-77.6192308,43.0803916,-77.61939976434138,43.08003971980509
-77.6192308,43.0803916,-77.6180460372783,43.079949073392505
-77.6192241,43.0803916,-77.62008751691178,43.080085287306076
-77.6192241,43.0803916,-77.6164306454888,43.08033218813011
-77.6192218,43.0803917,-77.61903721172921,43.07919878910224
-77.6192218,43.0803917,-77.61862183196907,43.081138167821514
-77.6192056,43.0803915,-77.62341056975515,43.07685402252645
-77.6192056,43.0803915,-77.61938724204296,43.08106110710007
-77.6191894,43.0803932,-77.61284394160003,43.082896186448906
-77.6191894,43.0803932,-77.61858908407257,43.07941561304056
-77.6191813,43.0803935,-77.61890200534323,43.07917348417386
-77.6191813,43.0803935,-77.62183283059005,43.079715829932184
-77.6191755,43.0803942,-77.62408227210587,43.08125918530495
-77.6191755,43.0803942,-77.62369349474142,43.08055611757777
-77.619164,43.0803947,-77.61897615490993,43.08120632000789
-77.619164,43.0803947,-77.61964202849072,43.080131936306735
-77.6191566,43.0803944,-77.61915981543966,43.08043507862655
-77.6191566,43.0803944,-77.61963450578125,43.08044392755019
-77.6191391,43.0803931,-77.61740549623401,43.07866069527565
-77.6191391,43.0803931,-77.61873640586089,43.08031857377288
-77.6191239,43.0803943,-77.62264589124763,43.07475669575739
-77.6191239,43.0803943,-77.62024630784606,43.08080124161355
-77.6191153,43.0803949,-77.62085998993943,43.08101334907785
-77.6191153,43.0803949,-77.6169769477767,43.0858282432016
-77.6191037,43.0803949,-77.62026722378785,43.080586241232176
-77.6191037,43.0803949,-77.61034829358917,43.08065914569243
-77.6190993,43.0803948,-77.61930614614008,43.08081805871191
-77.6190993,43.0803948,-77.61771954002442,43.08130627321051
-77.6190933,43.0803947,-77.62124694901635,43.08084912542271
-77.6190933,43.0803947,-77.62006996435672,43.07672826319774
-77.6190752,43.0803957,-77.61823427372816,43.07995629242082
-77.6190752,43.0803957,-77.62020213822329,43.08076381290811
-77.6190605,43.0803977,-77.61874486072321,43.081083772552006
-77.6190605,43.0803977,-77.61902810851468,43.080373319673654
-77.6190509,43.0803982,-77.61740198872292,43.07991795241788
-77.6190509,43.0803982,-77.61899215637563,43.0805294747238
-77.6190383,43.0804007,-77.61988282514031,43.082084124153724
-77.6190383,43.0804007,-77.61914614660492,43.08055003446042
-77.619035,43.0804028,-77.6186742757748,43.08043996047007
-77.619035,43.0804028,-77.62034717482746,43.08070535378474
-77.619027,43.0804048,-77.61891794664452,43.080339073153986
-77.619027,43.0804048,-77.61764224906781,43.07866340989502
-77.6190103,43.0804094,-77.61843175791728,43.0800247467203
-77.6190103,43.0804094,-77.61860965386461,43.07887686695464
-77.619003,43.0804103,-77.61994804786681,43.084244926722945
-77.619003,43.0804103,-77.61937811513772,43.0802496714862
-77.6189949,43.0804116,-77.61685200214475,43.081845429995894
-77.6189949,43.0804116,-77.6187608297664,43.079556535639576
-77.6189829,43.0804132,-77.61749802450996,43.080175753168426
-77.6189829,43.0804132,-77.61765142660222,43.080338737127164
-77.61897,43.0804159,-77.61959894165608,43.082691311164595
-77.61897,43.0804159,-77.61823201124153,43.079400463313455
-77.618964,43.0804171,-77.61914645151992,43.07652786388487
-77.618964,43.0804171,-77.62013008790105,43.08030959775891
-77.6189532,43.0804187,-77.6249447996469,43.07993177465216
-77.6189532,43.0804187,-77.61906222514628,43.080441404833316
-77.6189382,43.0804225,-77.61880398091566,43.07999074132956
-77.6189382,43.0804225,-77.6144962005836,43.08349138543656
-77.6189289,43.080425,-77.61443766564402,43.080087366502795
-77.6189289,43.080425,-77.62106067131332,43.08049876414511
-77.6189177,43.080428,-77.62236190064476,43.079572976951006
-77.6189177,43.080428,-77.61821016989016,43.07998542553263
-77.6189112,43.08043,-77.61941548629099,43.079856612774115
-77.6189112,43.08043,-77.61910552902472,43.074273192329585
-77.6189007,43.0804326,-77.61554987467807,43.08292478094956
-77.6189007,43.0804326,-77.61892537309397,43.0813915168956
-77.6188826,43.0804381,-77.61652703224031,43.07904524762198
-77.6188826,43.0804381,-77.61901998996683,43.080429403244146
-77.6188746,43.0804403,-77.62135426172802,43.08037361932668
-77.6188746,43.0804403,-77.61927179813972,43.08071414412501
-77.6188661,43.0804436,-77.6184378625922,43.083591783683595
-77.6188661,43.0804436,-77.6174376869445,43.08001430242905
-77.6188577,43.0804462,-77.61872002490172,43.08054742892967
-77.6188577,43.0804462,-77.62173749551474,43.07697888315324
-77.6188503,43.080449,-77.62211601529896,43.07952891863055
-77.6188503,43.080449,-77.6188344531766,43.08047139518095
-77.6188419,43.0804513,-77.61694762983066,43.07974021934767
-77.6188419,43.0804513,-77.61814697319154,43.07830334731728
-77.6188227,43.0804558,-77.61888135634445,43.08065427240717
-77.6188227,43.0804558,-77.61923513135946,43.07881405186578
-77.6188033,43.0804629,-77.61918840544853,43.07972871262759
-77.6188033,43.0804629,-77.61837013006684,43.07960506518888
-77.6187959,43.0804654,-77.6145953373166,43.0840208520542
-77.6187959,43.0804654,-77.61896656890572,43.081357317615094
-77.6187897,43.0804677,-77.61838935635768,43.080589960097875
-77.6187897,43.0804677,-77.61970401324842,43.082212353285485
-77.6187792,43.0804711,-77.61970214103843,43.08062391651231
-77.6187792,43.0804711,-77.6185852462058,43.08026920392741
-77.6187684,43.0804745,-77.61979307599431,43.074810782085635
-77.6187684,43.0804745,-77.62644641040485,43.08328148035693
-77.6187521,43.0804793,-77.6207548031927,43.081255450653224
-77.6187521,43.0804793,-77.62076765470559,43.077928199006465
-77.6187395,43.0804846,-77.61863444600678,43.080510181333665
-77.6187395,43.0804846,-77.61764582927933,43.079715507032525
-77.6187331,43.0804874,-77.61602221488293,43.082950052206506
-77.6187331,43.0804874,-77.62064678922994,43.08050560952984
-77.6187278,43.08049,-77.62008478377649,43.080082956565874
-77.6187278,43.08049,-77.61726122410352,43.08061513926183
-77.6187178,43.0804939,-77.61673968750328,43.08080660965271
-77.6187178,43.0804939,-77.6187334788917,43.079360156194916
-77.6187083,43.0804986,-77.61979720401885,43.08025214331454
-77.6187083,43.0804986,-77.62067584241106,43.07958379196541
-77.6186941,43.0805062,-77.61827713155938,43.080063923089604
-77.6186941,43.0805062,-77.6183553187885,43.080402036153664
-77.6186828,43.0805148,-77.61897998792452,43.08266998942585
-77.6186828,43.0805148,-77.61923676110361,43.0799551559848
-77.6186766,43.0805184,-77.621003258114,43.082337473085666
-77.6186766,43.0805184,-77.61714785502974,43.0794205671923
-77.6186722,43.0805217,-77.61941845271662,43.07534257326297
-77.6186722,43.0805217,-77.61869848956312,43.08054129975262
-77.6186626,43.0805274,-77.61850227408127,43.080129960633386
-77.6186626,43.0805274,-77.61452652792914,43.081573798879155
-77.6186552,43.0805325,-77.61982730618762,43.080269797157634
-77.6186552,43.0805325,-77.61825138954529,43.08051246918365
-77.6186435,43.0805416,-77.6216934758425,43.0796102990377
-77.6186435,43.0805416,-77.62049868558015,43.08006313131657
-77.6186319,43.0805474,-77.62021537133151,43.079685337055004
-77.6186319,43.0805474,-77.62179852713184,43.079266992343264
-77.6186232,43.0805507,-77.61839905212706,43.08071087793821
-77.6186232,43.0805507,-77.6167205186591,43.08115379316115
-77.618613,43.0805538,-77.62413034335493,43.081472362712155
-77.618613,43.0805538,-77.61880946541201,43.080969408307624
-77.6186072,43.0805556,-77.61907575838124,43.080626247105975
-77.6186072,43.0805556,-77.62265285448449,43.080621348050606
-77.6185968,43.0805587,-77.6217939399242,43.082311838362116
-77.6185968,43.0805587,-77.61169008810403,43.073233766674626
-77.6185816,43.0805625,-77.63093579119898,43.080529960602284
-77.6185816,43.0805625,-77.6221926153111,43.07757798264547
-77.6185703,43.0805659,-77.61433656332771,43.08035324241643
-77.6185703,43.0805659,-77.61891134822997,43.08039428256514
-77.6185671,43.0805667,-77.61743932691948,43.08026651328765
-77.6185671,43.0805667,-77.6185220017666,43.07997990242252
-77.6185587,43.0805696,-77.62055462701724,43.077501601531694
-77.6185587,43.0805696,-77.61838651687765,43.083274597058995
-77.6185507,43.080575,-77.61793171250748,43.08324565832025
-77.6185507,43.080575,-77.62003333976713,43.07921233304928
-77.618539,43.0805841,-77.6190408657675,43.07872728590847
-77.618539,43.0805841,-77.6202928845076,43.080626271616985
-77.6185296,43.0805957,-77.61773050198211,43.08113779143172
-77.6185296,43.0805957,-77.61781470296997,43.08430240162671
-77.6185238,43.080601,-77.6187064643767,43.080522434031565
-77.6185238,43.080601,-77.61726411341635,43.078303466779474
-77.6185148,43.0806097,-77.61994089832865,43.081761135127714
-77.6185148,43.0806097,-77.6180765755962,43.08102580821902
-77.618509,43.0806151,-77.6184473676902,43.08055441240792
-77.618509,43.0806151,-77.61890128475986,43.080263842782735
-77.6185012,43.0806206,-77.61765903399285,43.081067521859566
-77.6185012,43.0806206,-77.62016878469072,43.076696985245846
-77.6184875,43.0806315,-77.61480514741723,43.07601730320146
-77.6184875,43.0806315,-77.61715287930247,43.07787257234679
-77.6184767,43.0806402,-77.62134548192492,43.08069558154102
-77.6184767,43.0806402,-77.61740387061037,43.08002163930965
-77.6184696,43.0806451,-77.6181232660478,43.08098542445174
-77.6184696,43.0806451,-77.61891569811485,43.08034121538176
-77.6184608,43.0806512,-77.61877866734045,43.077678240445096
-77.6184608,43.0806512,-77.61952399845671,43.0765446705658
-77.6184564,43.0806548,-77.61917648427907,43.07953208215265
-77.6184564,43.0806548,-77.61861736111653,43.080559605018806
-77.618448,43.0806616,-77.61821319803936,43.08131286320301
-77.618448,43.0806616,-77.62042437291798,43.078443700444765
-77.6184379,43.0806692,-77.61828349680057,43.08079444358674
-77.6184379,43.0806692,-77.61801931371093,43.079370862502316
-77.6184262,43.0806741,-77.61874434338581,43.07974494774109
-77.6184262,43.0806741,-77.6153397552212,43.08378199693227
-77.6184155,43.0806781,-77.61898568869984,43.08004866439274
-77.6184155,43.0806781,-77.61848525336038,43.079805632813226
-77.618407,43.0806804,-77.61947527349119,43.07994827153638
-77.618407,43.0806804,-77.61890610671313,43.08124516921837
-77.6184005,43.0806823,-77.61819871153828,43.08145942044372
-77.6184005,43.0806823,-77.61707719713965,43.0820369342535
-77.6183922,43.0806856,-77.61949927659805,43.08189145277133
-77.6183922,43.0806856,-77.61858783418705,43.080546461656894
-77.61838,43.080692,-77.61764144594851,43.081207637706896
-77.61838,43.080692,-77.61780758186902,43.07935473599486
-77.6183761,43.080695,-77.62120519339275,43.07907153228155
-77.6183761,43.080695,-77.61817448555614,43.08107959042553
-77.6183706,43.0806993,-77.61822638419703,43.081279312965584
-77.6183706,43.0806993,-77.61908631330073,43.08036099095751
-77.6183651,43.0807039,-77.6153176379878,43.075607548912096
-77.6183651,43.0807039,-77.61859161171553,43.08046690414591
-77.6183608,43.0807109,-77.6189756440975,43.081301352378986
-77.6183608,43.0807109,-77.61826729300748,43.08072081100213
-77.6183576,43.0807161,-77.61628159986921,43.08048728444448
-77.6183576,43.0807161,-77.61598590745875,43.081225650571966
-77.618357,43.0807238,-77.61788721861541,43.07743025379533
-77.618357,43.0807238,-77.61561753759668,43.08159075595634
-77.6183547,43.0807334,-77.6200886187978,43.083859628485015
-77.6183547,43.0807334,-77.61632760739117,43.07903260940262
-77.6183573,43.0807428,-77.61829724516502,43.080514469154245
-77.6183573,43.0807428,-77.61809207453659,43.08083884503078
-77.6183583,43.0807498,-77.61829608547805,43.08103527283305
-77.6183583,43.0807498,-77.61786110460373,43.080423334969254
-77.6183598,43.0807575,-77.61561540745953,43.08166932325801
-77.6183598,43.0807575,-77.61858775227338,43.08098856819534
-77.6183609,43.0807621,-77.6195294155466,43.08047459020506
-77.6183609,43.0807621,-77.6191636126215,43.07923587941436
-77.6183626,43.0807714,-77.61750402629944,43.07963831264625
-77.6183626,43.0807714,-77.62014967553304,43.08060679238917
-77.6183638,43.0807823,-77.61434798653433,43.08712054231756
-77.6183638,43.0807823,-77.61502954627039,43.08178278379669
-77.6183667,43.080791,-77.61798199899906,43.080335179997995
-77.6183667,43.080791,-77.61761939111156,43.08062855754961
-77.6183677,43.0807979,-77.62981243094322,43.08377311287025
-77.6183677,43.0807979,-77.61842444308922,43.08071947621212
-77.6183701,43.080805,-77.61370968131882,43.07850605847521
-77.6183701,43.080805,-77.61894015920966,43.08078638255184
-77.6183716,43.0808089,-77.61604940358896,43.08153708489853
-77.6183716,43.0808089,-77.61584399423984,43.080389679237044
-77.6183736,43.0808162,-77.61838182922479,43.080314480887644
-77.6183736,43.0808162,-77.61873545537134,43.08102841579284
-77.6183777,43.0808238,-77.61789280389483,43.07968513885246
-77.6183777,43.0808238,-77.6193750598916,43.08241750722958
-77.618379,43.0808284,-77.61827967597668,43.08079183181816
-77.618379,43.0808284,-77.61830785367374,43.08080480592247
-77.6183802,43.0808318,-77.61875324747301,43.080821973161626
-77.6183802,43.0808318,-77.61930908353928,43.07984401111084
-77.6183815,43.0808388,-77.61818211836972,43.08148316351776
-77.6183815,43.0808388,-77.61678263738,43.08228843587104
-77.6183832,43.080846,-77.61768474390486,43.080439232396635
-77.6183832,43.080846,-77.62762113820642,43.079256420081684
-77.618384,43.0808507,-77.61808285821512,43.08081206131954
-77.618384,43.0808507,-77.61684504819775,43.08137264713219
-77.6183849,43.0808579,-77.6167813485172,43.08054385370027
-77.6183849,43.0808579,-77.61450039641798,43.08402248722575
-77.6183883,43.0808713,-77.61978146615915,43.08363111701185
-77.6183883,43.0808713,-77.6158550078168,43.083949292429935
-77.6183907,43.0808807,-77.6176572465831,43.08409490833482
-77.6183907,43.0808807,-77.61934963079891,43.079410464556794
-77.6183918,43.0808876,-77.61474948458383,43.0822609250529
-77.6183918,43.0808876,-77.61960414003521,43.079373376976754
-77.6183925,43.080896,-77.619691234732,43.0797851780231
-77.6183925,43.080896,-77.62174731465124,43.08177163493315
-77.6183929,43.0809017,-77.61685770337866,43.08159664652398
-77.6183929,43.0809017,-77.61943423741852,43.07558974282399
-77.6183936,43.0809093,-77.62114380400149,43.0796008946106
-77.6183936,43.0809093,-77.61748079077343,43.08096016776121
-77.6183927,43.080914,-77.61956407656633,43.0809460383686
-77.6183927,43.080914,-77.62036142335964,43.081238829896144
-77.6183929,43.0809231,-77.61860323861809,43.08029767215764
-77.6183929,43.0809231,-77.6163785128993,43.080567198082065
-77.6183918,43.0809339,-77.61823386608299,43.08034303825096
-77.6183918,43.0809339,-77.61293795901523,43.08645424212559
-77.6183923,43.0809412,-77.61919576568154,43.08104698536072
-77.6183923,43.0809412,-77.61702631495378,43.08314841742286
-77.6183929,43.0809464,-77.61819192727188,43.079744753374634
-77.6183929,43.0809464,-77.61299083517531,43.077671322808584
-77.6183933,43.0809537,-77.61857270486713,43.08127587420563
-77.6183933,43.0809537,-77.61671156475705,43.08409882253841
-77.6183945,43.0809603,-77.61926393493128,43.07879861644235
-77.6183945,43.0809603,-77.61875791958062,43.080122456123924
-77.6183952,43.0809714,-77.61894588288857,43.08062728173299
-77.6183952,43.0809714,-77.61774708823964,43.08117231949626
-77.6183952,43.0809763,-77.61742681433702,43.08215839182949
-77.6183952,43.0809763,-77.61569598712087,43.080449066695216
-77.6183944,43.080981,-77.6131648770122,43.08402661102135
-77.6183944,43.080981,-77.61887495537565,43.08131241663959
-77.6183945,43.0809918,-77.61590915159027,43.07888323098695
-77.6183945,43.0809918,-77.61864617454053,43.0815991474114
-77.6183943,43.0809978,-77.61757707356321,43.08399242258074
-77.6183943,43.0809978,-77.62032677566681,43.07995403395965
-77.6183971,43.0810111,-77.61910310737612,43.080691892713226
-77.6183971,43.0810111,-77.61917559965381,43.0817788498335
-77.6184002,43.081021,-77.61755533595849,43.082884940730686
-77.6184002,43.081021,-77.61810390822062,43.081075803397596
-77.6184036,43.0810321,-77.6181228303213,43.080326630641295
-77.6184036,43.0810321,-77.61555657274917,43.08293001813718
-77.618408,43.0810431,-77.61555966574709,43.07826884009392
-77.618408,43.0810431,-77.61858630377662,43.08049233769043
-77.6184122,43.0810478,-77.61683619889966,43.07762341927142
-77.6184122,43.0810478,-77.61811464488437,43.08086321320522
-77.6184154,43.0810514,-77.61721544156607,43.07974733489531
-77.6184154,43.0810514,-77.61779924394094,43.08540617261021
-77.6184219,43.0810582,-77.61773203670097,43.08380073197688
-77.6184219,43.0810582,-77.61971667454567,43.078786831345155
-77.6184348,43.0810665,-77.62090993414378,43.08051461912211
-77.6184348,43.0810665,-77.61791808376005,43.07855951287081
-77.6184394,43.0810687,-77.6182830891005,43.07825922239014
-77.6184394,43.0810687,-77.61968142467056,43.08345220727981
-77.6184448,43.0810716,-77.62179251137425,43.081510592583854
-77.6184448,43.0810716,-77.61757831290726,43.08229033510098
-77.618449,43.0810737,-77.61851470516848,43.08218932767959
-77.618449,43.0810737,-77.61735495318844,43.08072202644925
-77.6184568,43.0810771,-77.62002714823295,43.08110620284353
-77.6184568,43.0810771,-77.615813712636,43.08240379621238
-77.6184637,43.0810795,-77.62248612934236,43.08049309990229
-77.6184637,43.0810795,-77.61840650802633,43.081085306032996
-77.6184705,43.0810809,-77.61730576153998,43.078648625790116
-77.6184705,43.0810809,-77.62320119725986,43.07855804075363
-77.6184804,43.0810835,-77.61756085885446,43.08113530451445
-77.6184804,43.0810835,-77.61669810283762,43.08361069396179
-77.6184871,43.0810838,-77.61955033778142,43.08186674217439
-77.6184871,43.0810838,-77.62171365861326,43.07762983481113
-77.6184993,43.0810857,-77.61915238386476,43.081673591144046
-77.6184993,43.0810857,-77.61836657681238,43.08092177587573
-77.6185145,43.0810855,-77.61959377416113,43.082367366039115
-77.6185145,43.0810855,-77.62544597914213,43.08211787629854
-77.6185254,43.0810854,-77.61961884140415,43.07895723003991
-77.6185254,43.0810854,-77.61865473826208,43.08135871447666
-77.618537,43.0810845,-77.61720076200588,43.082663202911874
-77.618537,43.0810845,-77.61848551004728,43.08136202201996
-77.6185451,43.0810843,-77.61907407702795,43.080527913536855
-77.6185451,43.0810843,-77.62155021413042,43.08166620014437
-77.6185558,43.0810846,-77.61853712186212,43.08109951381685
-77.6185558,43.0810846,-77.61696895371202,43.08010045553581
-77.6185744,43.081086,-77.61864892215189,43.08181662696066
-77.6185744,43.081086,-77.6133792545558,43.08094757457293
-77.6185901,43.0810859,-77.61880893468238,43.08135800990756
-77.6185901,43.0810859,-77.61618054794508,43.082792719888396
-77.6185999,43.0810858,-77.61852752279631,43.08206873141554
-77.6185999,43.0810858,-77.6195255394289,43.082464111364594
-77.6186179,43.0810855,-77.61576271304162,43.07770386728215
-77.6186179,43.0810855,-77.61914248337294,43.08100527150774
-77.6186335,43.0810841,-77.61759557141798,43.08067836518444
-77.6186335,43.0810841,-77.6180055763724,43.08191970540781
-77.6186483,43.081083,-77.61908062457238,43.08077137196354
-77.6186483,43.081083,-77.61986462694149,43.08479771734059
-77.6186647,43.0810814,-77.6155204371489,43.07900860646491
-77.6186647,43.0810814,-77.61937669549405,43.08234413550423
-77.6186748,43.0810809,-77.62106035869007,43.079837416967415
-77.6186748,43.0810809,-77.61879731905424,43.080521299947016
-77.6186856,43.0810802,-77.61834214655354,43.081391014004964
-77.6186856,43.0810802,-77.61864285865401,43.08109020208084
-77.618695,43.08108,-77.61885681359855,43.07898866867253
-77.618695,43.08108,-77.61944998677805,43.08176929796091
-77.6187037,43.0810789,-77.6187806217087,43.08093558814132
-77.6187037,43.0810789,-77.61339151769671,43.07953390974218
-77.6187094,43.0810775,-77.61849979167994,43.07974701123525
-77.6187094,43.0810775,-77.60651404236104,43.0790228416629
-77.6187216,43.081076,-77.62324545943162,43.0819183200684
-77.6187216,43.081076,-77.61837669311579,43.08099965392018
-77.6187356,43.081075,-77.61884475711634,43.08189504325356
-77.6187356,43.081075,-77.61869116801697,43.08103328875707
-77.6187435,43.0810751,-77.61885636098977,43.080436319126896
-77.6187435,43.0810751,-77.62018158572994,43.08105739689601
-77.6187511,43.0810753,-77.62313394597975,43.081739237107776
-77.6187511,43.0810753,-77.61539581901837,43.0808149183766
-77.618764,43.081076,-77.61861989560043,43.08136449121201
-77.618764,43.081076,-77.61833110352254,43.081405898589615
-77.6187762,43.0810764,-77.61866598699142,43.08114370677375
-77.6187762,43.0810764,-77.6169893557476,43.08150813983647
-77.618797,43.0810751,-77.61892714067336,43.08106795880966
-77.618797,43.0810751,-77.61858875707146,43.08099550813585
-77.6188116,43.0810737,-77.61901832044636,43.08112856294621
-77.6188116,43.0810737,-77.618297479721,43.08156819578346
-77.6188198,43.0810733,-77.61871188707661,43.08108727496318
-77.6188198,43.0810733,-77.61954122115087,43.08319804174939
-77.6188269,43.0810727,-77.61812980761546,43.080308738223984
-77.6188269,43.0810727,-77.61594858182671,43.07700268305797
-77.6188394,43.0810727,-77.62502331341865,43.08008913219898
-77.6188394,43.0810727,-77.6212309507121,43.080598379226565
-77.6188555,43.0810726,-77.61896762898454,43.081150737181495
-77.6188555,43.0810726,-77.61879699835636,43.08005039365437
-77.6188691,43.0810737,-77.61955289426713,43.08067532398757
-77.6188691,43.0810737,-77.6195134602295,43.08307581257082
-77.6188866,43.0810738,-77.61596440173675,43.083731013249405
-77.6188866,43.0810738,-77.61849842661881,43.0809810716364
-77.6189008,43.0810735,-77.61723591120878,43.08346180251935
-77.6189008,43.0810735,-77.62281641099241,43.079532500208906
-77.6189094,43.0810738,-77.61878940527004,43.080581088053904
-77.6189094,43.0810738,-77.61709865109474,43.082560407279075
-77.6189205,43.0810746,-77.61891263849775,43.08106927220389
-77.6189205,43.0810746,-77.61940989992598,43.08094516128006
-77.6189287,43.0810752,-77.61980705796219,43.081199083203536
-77.6189287,43.0810752,-77.61788840473486,43.0816048915669
-77.6189331,43.0810745,-77.62167718588844,43.08086496963099
-77.6189331,43.0810745,-77.61752255125951,43.08302273604048
-77.6189457,43.0810738,-77.61915214440995,43.08155326656036
-77.6189457,43.0810738,-77.62444931884767,43.0794397099737
-77.6189507,43.081074,-77.61512474570702,43.08198018798884
-77.6189507,43.081074,-77.61818726663203,43.08067322454656
-77.6189617,43.0810743,-77.61704938321735,43.082564764760605
-77.6189617,43.0810743,-77.6180765793922,43.081691038273924
-77.6189701,43.0810747,-77.61893354402551,43.08107780199624
-77.6189701,43.0810747,-77.62032386533656,43.082230298260235
-77.6189786,43.0810747,-77.62019820049345,43.081642019099405
-77.6189786,43.0810747,-77.62191057350316,43.07915817557597
-77.6189904,43.0810751,-77.61621889590054,43.08021081190094
-77.6189904,43.0810751,-77.61855766548798,43.08319351911864
-77.6190034,43.0810755,-77.62034713395973,43.083982609042614
-77.6190034,43.0810755,-77.61813621797208,43.08030130268568
-77.6190114,43.0810757,-77.62077507335542,43.08372898054373
-77.6190114,43.0810757,-77.62444069001005,43.0794808271212
-77.619023,43.0810762,-77.61916477451406,43.08106018580627
-77.619023,43.0810762,-77.61891114899878,43.08127552572613
-77.6190318,43.0810764,-77.61891480121601,43.08154565794616
-77.6190318,43.0810764,-77.61034090080206,43.07943857670666
-77.6190422,43.0810767,-77.61937642545732,43.08092741141546
-77.6190422,43.0810767,-77.6176042337883,43.08157223873308
-77.6190579,43.0810761,-77.61563242803688,43.08725787762321
-77.6190579,43.0810761,-77.62268635917643,43.08343407605922
-77.6190678,43.0810761,-77.61795575166737,43.079357275859735
-77.6190678,43.0810761,-77.6190944624198,43.080270886813075
-77.6190812,43.0810761,-77.61903163262085,43.0816872316278
-77.6190812,43.0810761,-77.61885551612252,43.080716993748744
-77.6190894,43.0810756,-77.62023585316805,43.07932043217069
-77.6190894,43.0810756,-77.62235949148545,43.08099465903519
-77.619099,43.0810756,-77.62120918787058,43.0784112358769
-77.619099,43.0810756,-77.61948291563267,43.08085199038044
-77.6191098,43.0810752,-77.62087929605356,43.08171145275457
-77.6191098,43.0810752,-77.62021975898716,43.08118268988203
-77.6191191,43.0810748,-77.61868636683884,43.08100284854011
-77.6191191,43.0810748,-77.61920245820289,43.08109215474001
-77.6191343,43.0810751,-77.6185960436171,43.08017151785601
-77.6191343,43.0810751,-77.62044589211675,43.081364817445404
-77.6191416,43.0810757,-77.6193995143246,43.07974362093315
-77.6191416,43.0810757,-77.62032253252468,43.08184698065536
-77.619149,43.0810749,-77.6217576335611,43.078045029897865
-77.619149,43.0810749,-77.61761663064208,43.07873386913673
-77.6191601,43.081073,-77.61837230255954,43.079084496149676
-77.6191601,43.081073,-77.61980078880902,43.08116913484206
-77.6191742,43.0810635,-77.61863316665847,43.07972857675123
-77.6191742,43.0810635,-77.6212216793208,43.08350266518243
-77.6191752,43.081058,-77.62334621216907,43.08577749962972
-77.6191752,43.081058,-77.62070501225983,43.08339653631738
-77.6191783,43.0810504,-77.61465964775151,43.082776530006456
-77.6191783,43.0810504,-77.61732709192358,43.08189397238878
-77.6191869,43.0810402,-77.61915444761136,43.081032354017495
-77.6191869,43.0810402,-77.62139712249929,43.0894636265984
-77.6191942,43.08103,-77.61925311531976,43.080995776208866
-77.6191942,43.08103,-77.61825942675105,43.0812905081994
-77.6192023,43.0810225,-77.61723055861711,43.08029506723886
-77.6192023,43.0810225,-77.61852848757896,43.07981194306391
-77.6192072,43.0810157,-77.620181051148,43.08032892142463
-77.6192072,43.0810157,-77.61776726360664,43.08052079713302
-77.6192137,43.0810108,-77.61936323300236,43.08185813228163
-77.6192137,43.0810108,-77.61716673270963,43.07989906452773
-77.6192142,43.0810072,-77.62443726946518,43.08369842977805
-77.6192142,43.0810072,-77.62003062671074,43.07950739300466
-77.6192147,43.0809999,-77.6182567570235,43.08152929539246
-77.6192147,43.0809999,-77.61983339754688,43.08096390633183
-77.6192118,43.0809876,-77.62017271561862,43.08013689427357
-77.6192118,43.0809876,-77.6194079697872,43.0807085079819
-77.619211,43.0809811,-77.61897950263729,43.081021598728135
-77.619211,43.0809811,-77.61906772504902,43.08134264909391
-77.6192079,43.0809742,-77.62091761783417,43.08165379265766
-77.6192079,43.0809742,-77.61972250245708,43.085573491468864
-77.6192062,43.0809661,-77.61881589068206,43.08208181315486
-77.6192062,43.0809661,-77.6222491211733,43.08054043406581
-77.6192014,43.0809515,-77.61945476203131,43.0811559658826
-77.6192014,43.0809515,-77.61887892884755,43.080855776029075
-77.6191978,43.0809436,-77.62109300285609,43.081338103972016
-77.6191978,43.0809436,-77.61902550906555,43.08024218553802
-77.6191947,43.0809381,-77.61862352357828,43.08110416549
-77.6191947,43.0809381,-77.6192568873307,43.07983531057305
-77.6191923,43.0809276,-77.62069051805332,43.081875803849364
-77.6191923,43.0809276,-77.6176951901892,43.08277859089097
-77.6191883,43.0809143,-77.62240532674097,43.081873948972664
-77.6191883,43.0809143,-77.61028671865924,43.08094726677885
-77.6191882,43.080908,-77.60868203993887,43.07281958003392
-77.6191882,43.080908,-77.61916779063846,43.08111255976568
-77.619188,43.0809029,-77.61646568299231,43.081156987676664
-77.619188,43.0809029,-77.62003588960977,43.08062412946057
-77.6191889,43.0808938,-77.61855065583559,43.080013533417386
-77.6191889,43.0808938,-77.62048993124216,43.080823114154505
-77.619189,43.0808873,-77.61899403195068,43.08039732226776
-77.619189,43.0808873,-77.61919694810676,43.08088229960289
-77.6191923,43.0808777,-77.61823817497095,43.079861797784446
-77.6191923,43.0808777,-77.6190464190878,43.0822067200493
-77.6191936,43.0808675,-77.61777957747813,43.077717564657036
-77.6191936,43.0808675,-77.61694064603603,43.081207222047944
-77.6191917,43.080862,-77.61958955332804,43.08050771668867
-77.6191917,43.080862,-77.61979075482253,43.0820208585286
-77.6191902,43.0808564,-77.61876776645906,43.08121128035174
-77.6191902,43.0808564,-77.61871822850594,43.081057667221486
-77.61919,43.0808497,-77.61057157871635,43.082703619985466
-77.61919,43.0808497,-77.6179632390326,43.080872324652034
-77.6191891,43.0808367,-77.615261099642,43.08144772178501
-77.6191891,43.0808367,-77.622220334165,43.08400617306024
-77.6191875,43.0808301,-77.6164123314626,43.08428870073775
-77.6191875,43.0808301,-77.61942711416859,43.082068263382986
-77.6191858,43.0808252,-77.6164889592768,43.07934447390663
-77.6191858,43.0808252,-77.61881023445432,43.081218539278055
-77.6191847,43.0808167,-77.61801518288897,43.08228665446762
-77.6191847,43.0808167,-77.62170160746842,43.08026880518464
-77.6191828,43.0808113,-77.62125063209793,43.081582684462774
-77.6191828,43.0808113,-77.60693980229202,43.08234559325487
-77.619181,43.080804,-77.61331397820702,43.08555720348658
-77.619181,43.080804,-77.61499719328086,43.08209253356033
-77.6191797,43.080798,-77.62073835143073,43.081769308358076
-77.6191797,43.080798,-77.61783634451099,43.08133548380526
-77.619178,43.0807932,-77.62007988150503,43.08090369100756
-77.619178,43.0807932,-77.61901081528679,43.080960588144734
-77.6191765,43.0807846,-77.62313795968856,43.07895645152103
-77.6191765,43.0807846,-77.61882127641958,43.080447926848564
-77.6191748,43.0807759,-77.61998969029993,43.076890553770916
-77.6191748,43.0807759,-77.61961241902908,43.08151817926582
-77.6191767,43.080757,-77.61896449155789,43.08172032876763
-77.6191767,43.080757,-77.61841768254135,43.08149760780058
-77.6191791,43.0807448,-77.6191924658115,43.08087609917525
-77.6191791,43.0807448,-77.61936043465577,43.08041945892712
-77.6191816,43.0807349,-77.61776868016548,43.0790746258556
-77.6191816,43.0807349,-77.62253201736635,43.080472142886286
-77.6191829,43.0807277,-77.61791633314756,43.079399910404206
-77.6191829,43.0807277,-77.6186653751191,43.08056504123289
-77.6191834,43.0807189,-77.61920262777565,43.080327245708325
-77.6191834,43.0807189,-77.61714056086622,43.07923745797503
-77.6191853,43.0807065,-77.62057411012599,43.07915694086795
-77.6191853,43.0807065,-77.62083610428856,43.079775101460086
-77.6191863,43.0806974,-77.61759188365167,43.0796814726488
-77.6191863,43.0806974,-77.62004409277009,43.080702772331165
-77.6191872,43.0806866,-77.62558154669131,43.081398313459026
-77.6191872,43.0806866,-77.61941073207984,43.08317088328317
-77.6191883,43.0806794,-77.61684570988594,43.081043904218305
-77.6191883,43.0806794,-77.61971783445549,43.08211480302151
-77.6191907,43.0806716,-77.6188611175064,43.08000205902905
-77.6191907,43.0806716,-77.61933324463095,43.08088781845991
-77.6191971,43.0806653,-77.62061513790498,43.08251393282732
-77.6191971,43.0806653,-77.61838497223617,43.080435063276866
-77.6191994,43.0806562,-77.61883016416311,43.08054853062019
-77.6191994,43.0806562,-77.62313277701301,43.07651515945406
-77.6192005,43.0806466,-77.61956204945531,43.08130608064435
-77.6192005,43.0806466,-77.62566582047351,43.078436385624705
-77.6191994,43.0806341,-77.61981627974176,43.08144444788896
-77.6191994,43.0806341,-77.62042796163956,43.081190429478205
-77.6191984,43.0806292,-77.61942096043084,43.07763406736422
-77.6191984,43.0806292,-77.61892391230342,43.07954443660395
-77.619197,43.0806248,-77.61640525402974,43.080231068532704
-77.619197,43.0806248,-77.61363262271279,43.076162282619
-77.619197,43.0806173,-77.61893628306342,43.08085424678766
-77.619197,43.0806173,-77.6193500712327,43.079991806724735
-77.6192084,43.080601,-77.61966286441903,43.07943989079787
-77.6192084,43.080601,-77.62531410952819,43.08115247204885
-77.6192111,43.0805943,-77.6191924964588,43.08091571526065
-77.6192111,43.0805943,-77.61962127331032,43.07971550846572
-77.6192122,43.0805874,-77.61733590298718,43.08217777289472
-77.6192122,43.0805874,-77.61422080052614,43.081479871733976
-77.619209,43.0805766,-77.61771740229946,43.080973803264186
-77.619209,43.0805766,-77.61918769195242,43.08061046867201
-77.6192072,43.0805655,-77.62003066856232,43.08057870688351
-77.6192072,43.0805655,-77.62337703587905,43.080054201656914
-77.6192038,43.0805595,-77.61922729460828,43.0816287835806
-77.6192038,43.0805595,-77.61882364623607,43.08188570256733
-77.6192057,43.0805485,-77.61931821173707,43.08087881837183
-77.6192057,43.0805485,-77.61984539154206,43.08069329719566
-77.6192063,43.0805376,-77.62026951529184,43.08206753192834
-77.6192063,43.0805376,-77.61527888427095,43.08011496178703
-77.6192021,43.0805245,-77.62069473433347,43.08273258780034
-77.6192021,43.0805245,-77.6211332965211,43.07477813057007
-77.6191971,43.0805129,-77.61820436119557,43.08083944010053
-77.6191971,43.0805129,-77.61915946640103,43.08060190556653
-77.6191932,43.0805062,-77.61931707067218,43.080124851612126
-77.6191932,43.0805062,-77.62153195394319,43.08000779829382
-77.6191915,43.0805007,-77.61929297451978,43.083344689368595
-77.6191915,43.0805007,-77.61935222283236,43.0819284199289
-77.619195,43.0804902,-77.6184869292888,43.08263498392968
-77.619195,43.0804902,-77.61474069841748,43.080260259833125
-77.6191959,43.0804809,-77.61924462041965,43.08055448257334
-77.6191959,43.0804809,-77.61929974132175,43.080364175255724
-77.6191961,43.080472,-77.61899720663624,43.081359262006686
-77.6191961,43.080472,-77.62046398191698,43.078715270153566
-77.6191951,43.0804643,-77.61811551377623,43.08040423640164
-77.6191951,43.0804643,-77.62083951318925,43.08086051979437
-77.6191948,43.0804523,-77.61838781983732,43.07985798430473
-77.6191948,43.0804523,-77.62356930970684,43.0797259870588
-77.6191931,43.0804469,-77.61878838250902,43.07996940503469
-77.6191931,43.0804469,-77.61973598889165,43.081255918304905
-77.6191965,43.0804391,-77.61918315380193,43.08044743914727
-77.6191965,43.0804391,-77.62200427489095,43.076034272860106
-77.6191954,43.0804332,-77.6177440242722,43.07904034909811
-77.6191954,43.0804332,-77.62044906751,43.08386833097083
-77.6191909,43.0804219,-77.61629982640378,43.07705445625715
-77.6191909,43.0804219,-77.62010680080569,43.080615419618354
-77.6191884,43.0804143,-77.61739733036892,43.0772778702031
-77.6191884,43.0804143,-77.61840794727833,43.08040818060997
-77.6191844,43.0804048,-77.62369553493042,43.072436399157766
-77.6191844,43.0804048,-77.61888315242204,43.07765454005763
-77.6191831,43.0803989,-77.6191175854956,43.080424005089704
-77.6191831,43.0803989,-77.62015574075842,43.078105602694365
-77.6191872,43.0803917,-77.61900937530015,43.078475146919644
-77.6191872,43.0803917,-77.6193852957889,43.08213933782633
-77.6191911,43.0803841,-77.61940293195403,43.08038203639324
-77.6191911,43.0803841,-77.61958662184348,43.080694311260665
-77.6191979,43.0803763,-77.61965744832492,43.080519161267205
-77.6191979,43.0803763,-77.61888927072226,43.08092370349182
-77.6192083,43.0803728,-77.62092882011926,43.080246439825615
-77.6192083,43.0803728,-77.61819281940586,43.080748960392334
-77.6192267,43.0803699,-77.61925291997227,43.08042769440776
-77.6192267,43.0803699,-77.62075591167259,43.08370158612572
-77.6192421,43.0803711,-77.61828044446575,43.081009088498455
-77.6192421,43.0803711,-77.61769795861387,43.080863137283785
-77.6192682,43.0803748,-77.61996739355034,43.07781698172469
-77.6192682,43.0803748,-77.6193413398672,43.08058341651842
-77.6192765,43.0803769,-77.61929610680511,43.07983378018943
-77.6192765,43.0803769,-77.62119965532794,43.080597021614665
-77.6192898,43.0803781,-77.6190923516144,43.07965393601757
-77.6192898,43.0803781,-77.61586001941883,43.07680708653113
-77.619303,43.0803801,-77.61942071331117,43.080184425024136
-77.619303,43.0803801,-77.61568110689485,43.07938863176797
-77.6193224,43.0803816,-77.61894288356905,43.080479059455826
-77.6193224,43.0803816,-77.61935351348149,43.0800629905664
-77.6193389,43.0803831,-77.62037794444424,43.081177588132576
-77.6193389,43.0803831,-77.62004451273548,43.08052210925023
-77.6193545,43.0803838,-77.62183758871855,43.081516987552924
-77.6193545,43.0803838,-77.61787555341004,43.081001615091544
-77.6193636,43.0803846,-77.61247846348479,43.07652258206492
-77.6193636,43.0803846,-77.61724377799489,43.08134222071714
-77.6193739,43.0803847,-77.62245810182648,43.085188470272726
-77.6193739,43.0803847,-77.6174892658875,43.07864858746031
-77.6193854,43.0803841,-77.61953627063535,43.07991006940618
-77.6193854,43.0803841,-77.61878930495824,43.078997096230204
-77.6193936,43.0803839,-77.61931544768753,43.08063399701571
-77.6193936,43.0803839,-77.61946493898789,43.08093579019524
-77.619403,43.080384,-77.61703089064713,43.08027995010682
-77.619403,43.080384,-77.61933036447061,43.08038674429142
-77.6194217,43.0803858,-77.62080850229857,43.07691174597621
-77.6194217,43.0803858,-77.61946888509577,43.08041213906903
-77.6194431,43.0803869,-77.61483739322881,43.07880074653587
-77.6194431,43.0803869,-77.62194793956678,43.07829177624226
-77.6194614,43.0803884,-77.61548885693266,43.08319304899734
-77.6194614,43.0803884,-77.62021646302668,43.08096216615602
-77.6194702,43.0803888,-77.61940735117822,43.0803884144808
-77.6194702,43.0803888,-77.61644651707162,43.07973076987456
-77.6194771,43.0803892,-77.6231425503606,43.081634500126874
-77.6194771,43.0803892,-77.61683684810659,43.08027263645003
-77.619488,43.0803892,-77.61916664093104,43.08020340729655
-77.619488,43.0803892,-77.61364280729966,43.08151801732038
-77.6194991,43.0803892,-77.61718720888746,43.08069023517041
-77.6194991,43.0803892,-77.62590819435484,43.077237546045865
-77.6195141,43.0803878,-77.61774337477428,43.07887248504638
-77.6195141,43.0803878,-77.61934282604724,43.081035040486206
-77.6195335,43.0803868,-77.61966077331954,43.08075667366113
-77.6195335,43.0803868,-77.6194359639184,43.08173825355224
-77.6195461,43.0803862,-77.61931298636881,43.08053804092312
-77.6195461,43.0803862,-77.61991188772143,43.08025262861635
-77.6195519,43.0803859,-77.620260984854,43.07960265680039
-77.6195519,43.0803859,-77.61993206560234,43.08066782563275
-77.6195625,43.0803855,-77.62012549339315,43.08131692579511
-77.6195625,43.0803855,-77.61910329080922,43.08016246497354
-77.6195782,43.0803828,-77.61466604674696,43.077975146724235
-77.6195782,43.0803828,-77.61966265892626,43.080316152346754
-77.6195891,43.0803795,-77.61966605261613,43.08077788347536
-77.6195891,43.0803795,-77.62338085252705,43.08273337096468
-77.6196054,43.0803715,-77.62128813542277,43.08139734462923
-77.6196054,43.0803715,-77.61955969643117,43.0805271194211
-77.6196114,43.0803689,-77.62053305333191,43.08140633928718
-77.6196114,43.0803689,-77.62416627071742,43.07915468585606
-77.619622,43.0803655,-77.62162051795197,43.080432734546584
-77.619622,43.0803655,-77.62002079584427,43.08038345548127
-77.619638,43.0803588,-77.61951492329908,43.07785822655347
-77.619638,43.0803588,-77.62229185829214,43.080704411007964
-77.6196531,43.0803507,-77.61959210638877,43.08039790214133
-77.6196531,43.0803507,-77.62009501810063,43.08048507444677
-77.6196626,43.0803442,-77.62305965489976,43.08120301363134
-77.6196626,43.0803442,-77.6196594868688,43.0802952216439
-77.6196795,43.080331,-77.61491820953896,43.07931435972279
-77.6196795,43.080331,-77.62442173863874,43.077524957124666
-77.6196935,43.0803228,-77.61824259960243,43.08059698912775
-77.6196935,43.0803228,-77.619721601945,43.0801452698887
-77.6197068,43.0803158,-77.62138417361284,43.0809604166862
-77.6197068,43.0803158,-77.61835201598528,43.07787406449738
-77.6197136,43.0803126,-77.6188924799886,43.07997865439025
-77.6197136,43.0803126,-77.6206732673332,43.07781728705519
-77.6197196,43.0803096,-77.6198355688481,43.07771726579455
-77.6197196,43.0803096,-77.62178037053471,43.087819786752064
-77.6197293,43.0803054,-77.62960232742822,43.07659633967327
-77.6197293,43.0803054,-77.62164275453472,43.08047174058698
-77.619739,43.0802979,-77.61744577159695,43.07996123975384
-77.619739,43.0802979,-77.62068807745436,43.08190155218645
-77.6197451,43.0802938,-77.6139719988957,43.07837921560567
-77.6197451,43.0802938,-77.62052244361386,43.07996490498799
-77.619753,43.0802895,-77.61983431417589,43.08024189468528
-77.619753,43.0802895,-77.62145503035852,43.07894791454234
-77.6197669,43.0802799,-77.61976129859308,43.08087240044232
-77.6197669,43.0802799,-77.62152125027787,43.0856761500363
-77.6197775,43.0802737,-77.62105816781305,43.08018026643598
-77.6197775,43.0802737,-77.62010393881857,43.08259962898482
-77.619788,43.0802664,-77.61432572875832,43.082944130815974
-77.619788,43.0802664,-77.61939453087707,43.08169611456756
-77.6197968,43.0802565,-77.62064997557052,43.08042246632536
-77.6197968,43.0802565,-77.61567945316276,43.074566868826174
-77.619806,43.080252,-77.62107793973134,43.080627908473204
-77.619806,43.080252,-77.62009917551437,43.080027427001696
-77.6198124,43.0802491,-77.61869982602994,43.080656008731374
-77.6198124,43.0802491,-77.61856759735592,43.07712883144844
-77.6198192,43.0802462,-77.62071102439388,43.08061091152082
-77.6198192,43.0802462,-77.62003745200772,43.08061697647837
-77.6198279,43.0802425,-77.62032704571212,43.07995257441591
-77.6198279,43.0802425,-77.61745132736277,43.07742269189947
-77.6198381,43.0802377,-77.62067867880951,43.07654219742932
-77.6198381,43.0802377,-77.619212660225,43.08026493653312
-77.6198464,43.0802337,-77.62156012161816,43.081851352380156
-77.6198464,43.0802337,-77.62002949348648,43.080241191922596
-77.6198532,43.0802304,-77.61583685374511,43.08032068026738
-77.6198532,43.0802304,-77.6209752400849,43.0799711753571
-77.6198582,43.0802232,-77.62008221279788,43.08034264807485
-77.6198582,43.0802232,-77.61963725513688,43.08173987344133
-77.6198657,43.0802166,-77.61876791491437,43.07976682278274
-77.6198657,43.0802166,-77.61785316738177,43.08189937611242
-77.6198807,43.0802074,-77.61995308096563,43.08046313197512
-77.6198807,43.0802074,-77.61834445190532,43.0806739380009
-77.6198941,43.0802009,-77.6194134480625,43.07934502194099
-77.6198941,43.0802009,-77.61925442769969,43.07972249001373
-77.619907,43.0801942,-77.62170285294525,43.08105076351277
-77.619907,43.0801942,-77.61368302308243,43.079636797232524
-77.619914,43.0801829,-77.6213348886867,43.080719493104134
-77.619914,43.0801829,-77.62040611266775,43.08005530252905
-77.6199191,43.0801722,-77.62078227980237,43.08098319116711
-77.6199191,43.0801722,-77.61712986304352,43.081772681597705
-77.6199222,43.0801686,-77.6274692415868,43.07939393095226
-77.6199222,43.0801686,-77.62024507853884,43.080257405761614
-77.6199292,43.0801619,-77.62203315660146,43.08135709924964
-77.6199292,43.0801619,-77.61842364017544,43.08020223180182
-77.6199359,43.0801555,-77.62401292214547,43.080416506950534
-77.6199359,43.0801555,-77.61756118799536,43.08129177583663
-77.6199405,43.0801511,-77.61965613285946,43.08015972724393
-77.6199405,43.0801511,-77.6240275152858,43.073288595861605
-77.61995,43.0801417,-77.61976053489012,43.08032971814698
-77.61995,43.0801417,-77.61932792417028,43.08109626593148
-77.6199558,43.0801347,-77.62084344842876,43.079796607794194
-77.6199558,43.0801347,-77.61991922857369,43.080085410253474
-77.619966,43.0801247,-77.61973591134073,43.07989828499378
-77.619966,43.0801247,-77.6222550445921,43.081049701367675
-77.6199787,43.0801164,-77.6207436311943,43.08011163022576
-77.6199787,43.0801164,-77.62169450866843,43.0840603848461
-77.6199918,43.0801091,-77.6171082371512,43.07792744120895
-77.6199918,43.0801091,-77.62056243258482,43.08008690757188
-77.6200004,43.0801045,-77.61951674776051,43.080068991858724
-77.6200004,43.0801045,-77.61935569114735,43.0795899237235
-77.6200067,43.0801018,-77.61976493982849,43.07986158701763
-77.6200067,43.0801018,-77.62016513944117,43.07991906522192
-77.6200167,43.080097,-77.61925955435409,43.08050177192647
-77.6200167,43.080097,-77.61985628931723,43.08009398004682
-77.6200299,43.0800792,-77.61773698356112,43.08005318496176
-77.6200299,43.0800792,-77.62134124565361,43.078131297733364
-77.6200367,43.0800771,-77.61934550943334,43.08079966694647
-77.6200367,43.0800771,-77.61673980949371,43.07957718593213
-77.6200599,43.0800765,-77.62038594192094,43.079428172331134
-77.6200599,43.0800765,-77.6200586570006,43.080546376036594
-77.6200778,43.080078,-77.6213284183059,43.077918133219576
-77.6200778,43.080078,-77.62088420735397,43.080348899955034
-77.6200964,43.0800779,-77.61959765697405,43.07820432431558
-77.6200964,43.0800779,-77.61924928586747,43.08090935095818
-77.6201137,43.080081,-77.61800973828242,43.081183289701436
-77.6201137,43.080081,-77.62006952944246,43.080590487148434
-77.6201235,43.0800824,-77.62158733355231,43.08125524321088
-77.6201235,43.0800824,-77.61894738557956,43.082037165782204
-77.6201288,43.0800865,-77.62137679089163,43.081149238486574
-77.6201288,43.0800865,-77.62069364023888,43.080033392097214
-77.6201415,43.0800907,-77.61682933664378,43.08173868010201
-77.6201415,43.0800907,-77.61603433632229,43.07838622532542
-77.6201494,43.0800956,-77.62569686844672,43.07978449206766
-77.6201494,43.0800956,-77.61574129736687,43.076809475596114
-77.6201573,43.0801003,-77.61605863130465,43.07871135547638
-77.6201573,43.0801003,-77.62036016305429,43.079999134009995
-77.6201636,43.0801048,-77.61663890329365,43.08229434478389
-77.6201636,43.0801048,-77.6182075866071,43.083656365718404
-77.620169,43.080112,-77.62032789472697,43.078289992003896
-77.620169,43.080112,-77.62052270956598,43.08044187499839
-77.6201739,43.0801195,-77.6126196852517,43.084723285422335
-77.6201739,43.0801195,-77.62019766909759,43.080145043748836
-77.6201773,43.0801262,-77.61700734410917,43.0819264140214
-77.6201773,43.0801262,-77.6202269080892,43.07939700555465
-77.6201795,43.0801349,-77.61756579318258,43.08131121924625
-77.6201795,43.0801349,-77.62081362282156,43.08184680917994
-77.6201818,43.080151,-77.6221855470354,43.08016047141522
-77.6201818,43.080151,-77.62224531012518,43.079591846649464
-77.6201836,43.0801622,-77.6180412166513,43.08181751721839
-77.6201836,43.0801622,-77.62025805333462,43.079108537680796
-77.6201885,43.0801736,-77.62017791994377,43.08021632756246
-77.6201885,43.0801736,-77.62073762848566,43.08014552971284
-77.6202041,43.0801869,-77.61993324304866,43.0804079227783
-77.6202041,43.0801869,-77.62584483887815,43.08242538850247
-77.6202051,43.0801826,-77.61938470448665,43.079927753360074
-77.6202051,43.0801826,-77.62021794651132,43.081083115987006
-77.6202062,43.0801842,-77.61857367859591,43.080346555446745
-77.6202062,43.0801842,-77.61986253529777,43.08055700295938
-77.6202084,43.0801894,-77.61239679066401,43.07832914409015
-77.6202084,43.0801894,-77.61888629627964,43.080806876390476
-77.620216,43.0801929,-77.61861279617604,43.08015935250452
-77.620216,43.0801929,-77.62176309534712,43.079583500854575
-77.6202216,43.080195,-77.62259962512405,43.08029421119059
-77.6202216,43.080195,-77.62238746535286,43.0809255376277
-77.6202269,43.0801983,-77.62159656770397,43.079969396609805
-77.6202269,43.0801983,-77.6202505410571,43.08014243128339
-77.6202306,43.0802036,-77.61818585045364,43.080075866901915
-77.6202306,43.0802036,-77.62403944246499,43.07921686624208
-77.6202333,43.0802073,-77.61956593275264,43.080783845126994
-77.6202333,43.0802073,-77.62020484568203,43.079303982688266
-77.6202325,43.080213,-77.62061925761444,43.08040642485127
-77.6202325,43.080213,-77.62156477240941,43.081186117785116
-77.6202398,43.080221,-77.6198991704063,43.079078634581485
-77.6202398,43.080221,-77.62008920400586,43.08012146469257
-77.6202501,43.080223,-77.61960132421595,43.078393582815195
-77.6202501,43.080223,-77.62031143685408,43.080290424439056
-77.6202501,43.0802144,-77.61821822227657,43.07759959779354
-77.6202501,43.0802144,-77.61962462080771,43.08022735813377
-77.6202495,43.0802115,-77.61936154371126,43.08104333349592
-77.6202495,43.0802115,-77.6240977422132,43.07969669300381
-77.6202491,43.0802115,-77.62061864078089,43.080806873216375
-77.6202491,43.0802115,-77.62032178048744,43.08022516947983
-77.6202498,43.0802112,-77.62091523520908,43.081985814683286
-77.6202498,43.0802112,-77.62051290714427,43.08025908494521
-77.6202496,43.0802111,-77.6203913418099,43.0807928335039
-77.6202496,43.0802111,-77.62485425772448,43.07811087702369
-77.6202476,43.0802081,-77.61884752279788,43.08075711994254
-77.6202476,43.0802081,-77.6117670390853,43.08136318356672
-77.6202491,43.0802074,-77.62016505358886,43.080632962940086
-77.6202491,43.0802074,-77.61857921858659,43.08009839829435
-77.6202507,43.0802076,-77.62088077333456,43.08203049023568
-77.6202507,43.0802076,-77.62045511285686,43.08032593184608
-77.6202519,43.0802076,-77.62103592546858,43.07923914584818
-77.6202519,43.0802076,-77.619492746008,43.08154965095246
-77.6202519,43.0802076,-77.62212705849578,43.07954835699191
-77.6202519,43.0802076,-77.61987307871166,43.080496399724254
-77.620253,43.0802079,-77.62406121755954,43.079258077133474
-77.620253,43.0802079,-77.62145980629752,43.07569029832337
-77.6202537,43.0802083,-77.62077402736723,43.07977851914759
-77.6202537,43.0802083,-77.61931517839345,43.084385347192246
-77.6202547,43.0802077,-77.61994858998403,43.08038628486873
-77.6202547,43.0802077,-77.62092586466446,43.08192066050809
-77.6202551,43.080207,-77.62073980125724,43.08088003922192
-77.6202551,43.080207,-77.62076681176505,43.08073493050301
-77.6202578,43.0802052,-77.61546785622245,43.079874716658445
-77.6202578,43.0802052,-77.6221768560601,43.08071870426777
-77.6202565,43.0802003,-77.62341985154686,43.07877229165704
-77.6202565,43.0802003,-77.61895548154229,43.08205806720724
-77.6202566,43.080199,-77.62115378226132,43.081201030433775
-77.6202566,43.080199,-77.62096502848901,43.08130654632806
-77.6202575,43.0801971,-77.62027860777448,43.0815512795442
-77.6202575,43.0801971,-77.61930615516304,43.07797714304168
-77.6202569,43.0801945,-77.61973828295774,43.07973713452473
-77.6202569,43.0801945,-77.62105587711065,43.07875594141712
-77.6202552,43.0801947,-77.62084602994965,43.07916223569843
-77.6202552,43.0801947,-77.6186637069286,43.07925935696307
-77.6202491,43.0801926,-77.6215025129872,43.07806079936231
-77.6202491,43.0801926,-77.6202481073477,43.080199517066774
-77.6202496,43.0801932,-77.62301154838309,43.07929500543476
-77.6202496,43.0801932,-77.6221512153513,43.08250074886887
-77.6202749,43.0802017,-77.62007372486848,43.08019898998117
-77.6202749,43.0802017,-77.61791524517912,43.086502237475685
-77.6202848,43.080211,-77.61828390028275,43.08347693475362
-77.6202848,43.080211,-77.62067051417755,43.08038422362945
-77.6202773,43.0802174,-77.62036555198821,43.080278320400204
-77.6202773,43.0802174,-77.62316396167012,43.08050058668018
-77.6202724,43.08022,-77.61930516018147,43.080684935292645
-77.6202724,43.08022,-77.6173483699429,43.07980505613497
-77.6202782,43.0802232,-77.61913933421201,43.0798257166838
-77.6202782,43.0802232,-77.62096517906956,43.08093888888027
-77.620287,43.0802254,-77.61398563171838,43.07711996477213
-77.620287,43.0802254,-77.62051394749506,43.080340409438996
-77.6202833,43.080223,-77.62066753094328,43.0797658970884
-77.6202833,43.080223,-77.62135555689272,43.07791783634835
-77.6202744,43.0802295,-77.62424994397217,43.07809879979008
-77.6202744,43.0802295,-77.62102722165982,43.08142470387407
-77.6202692,43.0802311,-77.62222134840957,43.08159454676174
-77.6202692,43.0802311,-77.61945061073176,43.08016740155165
-77.6202648,43.080234,-77.61942204774671,43.07537942842621
-77.6202648,43.080234,-77.61856196657403,43.08199208955918
-77.6202651,43.0802348,-77.62090495923533,43.079768628155676
-77.6202651,43.0802348,-77.61904869053285,43.08161018619835
-77.6202595,43.0802289,-77.61819130966046,43.08029340987986
-77.6202595,43.0802289,-77.62028034733787,43.08022711639551
-77.6202589,43.0802292,-77.61890313769815,43.07862532545616
-77.6202589,43.0802292,-77.62092377720674,43.08051135531463
-77.6202583,43.0802303,-77.61748325351292,43.082514137260034
-77.6202583,43.0802303,-77.61854448617888,43.078995934930504
-77.620258,43.0802309,-77.61907858846216,43.08351572488608
-77.620258,43.0802309,-77.62022056014035,43.080120994220565
-77.6202575,43.0802316,-77.61342215792975,43.074515758328076
-77.6202575,43.0802316,-77.61740986458025,43.076839609204605
-77.6202486,43.0802274,-77.62251329623459,43.079951873133275
-77.6202486,43.0802274,-77.6203574153909,43.08025727051218
-77.620249,43.080231,-77.61924496991969,43.0776463010716
-77.620249,43.080231,-77.61822088106477,43.084428966258
-77.6202548,43.0802332,-77.6223025079303,43.08265823800603
-77.6202548,43.0802332,-77.62223661201187,43.08029241250186
-77.6202604,43.0802333,-77.62034988836221,43.079851431355365
-77.6202604,43.0802333,-77.61621185260938,43.08198017301267
-77.6202654,43.0802327,-77.62089754459271,43.07956126150022
-77.6202654,43.0802327,-77.6199394247408,43.07959597067332
-77.620271,43.0802327,-77.62095014042026,43.0795621407215
-77.620271,43.0802327,-77.62029357534018,43.082268952058456
-77.6202729,43.0802332,-77.620623911665,43.08035602271547
-77.6202729,43.0802332,-77.62103854393993,43.08042042860944
-77.6202738,43.0802348,-77.62036161762468,43.08050485971212
-77.6202738,43.0802348,-77.62125129775492,43.07965482119877
-77.6202732,43.0802362,-77.6195937574488,43.079977441432625
-77.6202732,43.0802362,-77.6204892006096,43.08030337855972
-77.6202728,43.0802375,-77.61263538724914,43.08764669751926
-77.6202728,43.0802375,-77.6206006639136,43.07921780000845
-77.6202742,43.0802399,-77.62380817868355,43.08063677712
-77.6202742,43.0802399,-77.62256286730711,43.07793977941129
-77.6202749,43.0802339,-77.61915446799071,43.08363917927485
-77.6202749,43.0802339,-77.61953525526525,43.078435980534614
-77.6202764,43.0802333,-77.62206198289776,43.079987825524555
-77.6202764,43.0802333,-77.61984702044718,43.08082636176659
-77.6202792,43.0802309,-77.61938603940793,43.07999741395467
-77.6202792,43.0802309,-77.62028356898396,43.07902215020296
-77.6202803,43.0802289,-77.62053755501785,43.08000410173773
-77.6202803,43.0802289,-77.62038087956886,43.08018295169375
-77.6202812,43.0802203,-77.62122973334111,43.080003446838155
-77.6202812,43.0802203,-77.61979826016038,43.080290629989435
-77.6202765,43.0802017,-77.61395598010117,43.08413415129464
-77.6202765,43.0802017,-77.62029562651207,43.0802150261692
-77.6202783,43.0801947,-77.62177838729377,43.080656640064646
-77.6202783,43.0801947,-77.61560211101144,43.083015966855754
-77.6202821,43.0801926,-77.62721890279,43.07845732592116
-77.6202821,43.0801926,-77.62991893371652,43.07801187530848
-77.6202865,43.080194,-77.6164804545067,43.08617768602227
-77.6202865,43.080194,-77.62258740773649,43.08061779752143
-77.620288,43.0801949,-77.62290900871591,43.079355629290035
-77.620288,43.0801949,-77.61926738461337,43.079931337324815
-77.6202884,43.0801957,-77.62119123871419,43.07779129515468
-77.6202884,43.0801957,-77.61945225039857,43.08043242304121
-77.6202805,43.0801917,-77.61715325353737,43.078148114009146
-77.6202805,43.0801917,-77.62310423159585,43.07904882273246
-77.6202772,43.0801922,-77.619658159926,43.08305065193813
-77.6202772,43.0801922,-77.62147621689945,43.08026839843962
-77.6202758,43.0801934,-77.61798692258964,43.08113624573027
-77.6202758,43.0801934,-77.61906090098526,43.07943490792334
-77.620275,43.0801947,-77.62029995505738,43.0802131188249
-77.620275,43.0801947,-77.62105911341402,43.084971826096115
-77.6202753,43.0801954,-77.61987006816162,43.08143939743752
-77.6202753,43.0801954,-77.61878671109892,43.07765315530891
-77.6202686,43.0801936,-77.62017409479841,43.080183143148176
-77.6202686,43.0801936,-77.62011161315966,43.08015259737536
-77.6202671,43.0801933,-77.61956749426803,43.080761064199415
-77.6202671,43.0801933,-77.62311302549217,43.079002547734866
-77.6202653,43.0801928,-77.62151720691244,43.07911909511533
-77.6202653,43.0801928,-77.61887798154676,43.07909361436516
-77.6202651,43.080193,-77.62029915712567,43.08214243435539
-77.6202651,43.080193,-77.62073087908203,43.081912996303764
-77.6202675,43.0801939,-77.61613847523624,43.08132671558193
-77.6202675,43.0801939,-77.6175237397538,43.07947627183767
-77.6202638,43.08019,-77.62215802531686,43.082335488807374
-77.6202638,43.08019,-77.62304363837801,43.08158053408384
-77.6202639,43.0801892,-77.61582430336942,43.07936236766981
-77.6202639,43.0801892,-77.6202473735609,43.08042192174367
-77.6202639,43.0801913,-77.61913133123464,43.078595139864774
-77.6202639,43.0801913,-77.62160053913337,43.080773624917995
-77.6202648,43.0801938,-77.62334418687564,43.08414475431471
-77.6202648,43.0801938,-77.61802163319484,43.079172365227215
-77.6202659,43.0801954,-77.61991842963288,43.081666109893035
-77.6202659,43.0801954,-77.6208413503202,43.08012148841074
-77.62026,43.0801936,-77.62120768059341,43.08357314056579
-77.62026,43.0801936,-77.6199260912727,43.08103701438035
-77.6202602,43.0801953,-77.62091881567196,43.080979737852154
-77.6202602,43.0801953,-77.62201608775554,43.08501523581984
